<?xml version="1.0" encoding="UTF-8"?>
<GenRun Id="impl_1" LaunchPart="xc7a35tcpg236-1" LaunchTime="1635511496">
  <File Type="ROUTE-PWR" Name="circuit_power_routed.rpt"/>
  <File Type="PA-TCL" Name="circuit.tcl"/>
  <File Type="ROUTE-PWR-SUM" Name="circuit_power_summary_routed.pb"/>
  <File Type="REPORTS-TCL" Name="circuit_reports.tcl"/>
  <File Type="BITSTR-MSK" Name="circuit.msk"/>
  <File Type="ROUTE-CLK" Name="circuit_clock_utilization_routed.rpt"/>
  <File Type="RDI-RDI" Name="circuit.vdi"/>
  <File Type="BG-BIT" Name="circuit.bit"/>
  <File Type="BG-DRC" Name="circuit.drc"/>
  <File Type="BG-BGN" Name="circuit.bgn"/>
  <File Type="BG-BIN" Name="circuit.bin"/>
  <File Type="BITSTR-RBT" Name="circuit.rbt"/>
  <File Type="BITSTR-NKY" Name="circuit.nky"/>
  <File Type="BITSTR-BMM" Name="circuit_bd.bmm"/>
  <File Type="BITSTR-MMI" Name="circuit.mmi"/>
  <File Type="ROUTE-METHODOLOGY-DRC" Name="circuit_methodology_drc_routed.rpt"/>
  <File Type="BITSTR-SYSDEF" Name="circuit.sysdef"/>
  <File Type="BITSTR-LTX" Name="debug_nets.ltx"/>
  <File Type="BITSTR-LTX" Name="circuit.ltx"/>
  <File Type="WBT-USG" Name="usage_statistics_webtalk.html"/>
  <File Type="OPT-DRC" Name="circuit_drc_opted.rpt"/>
  <File Type="OPT-HWDEF" Name="circuit.hwdef"/>
  <File Type="PLACE-IO" Name="circuit_io_placed.rpt"/>
  <File Type="PLACE-UTIL" Name="circuit_utilization_placed.rpt"/>
  <File Type="PLACE-UTIL-PB" Name="circuit_utilization_placed.pb"/>
  <File Type="PLACE-CTRL" Name="circuit_control_sets_placed.rpt"/>
  <File Type="PLACE-PRE-SIMILARITY" Name="circuit_incremental_reuse_pre_placed.rpt"/>
  <File Type="ROUTE-DRC" Name="circuit_drc_routed.rpt"/>
  <File Type="ROUTE-DRC-PB" Name="circuit_drc_routed.pb"/>
  <File Type="ROUTE-PWR-RPX" Name="circuit_power_routed.rpx"/>
  <File Type="ROUTE-STATUS" Name="circuit_route_status.rpt"/>
  <File Type="ROUTE-STATUS-PB" Name="circuit_route_status.pb"/>
  <File Type="ROUTE-DCP" Name="circuit_routed.dcp"/>
  <File Type="ROUTE-ERROR-DCP" Name="circuit_routed_error.dcp"/>
  <File Type="ROUTE-BLACKBOX-DCP" Name="circuit_routed_bb.dcp"/>
  <File Type="ROUTE-TIMINGSUMMARY" Name="circuit_timing_summary_routed.rpt"/>
  <File Type="ROUTE-TIMING-PB" Name="circuit_timing_summary_routed.pb"/>
  <File Type="ROUTE-TIMING-RPX" Name="circuit_timing_summary_routed.rpx"/>
  <File Type="ROUTE-BUS-SKEW" Name="circuit_bus_skew_routed.rpt"/>
  <File Type="ROUTE-BUS-SKEW-PB" Name="circuit_bus_skew_routed.pb"/>
  <File Type="ROUTE-BUS-SKEW-RPX" Name="circuit_bus_skew_routed.rpx"/>
  <File Type="OPT-DCP" Name="circuit_opt.dcp"/>
  <File Type="PLACE-DCP" Name="circuit_placed.dcp"/>
  <File Type="PWROPT-DCP" Name="circuit_pwropt.dcp"/>
  <File Type="POSTPLACE-PWROPT-DCP" Name="circuit_postplace_pwropt.dcp"/>
  <File Type="PHYSOPT-DCP" Name="circuit_physopt.dcp"/>
  <File Type="POSTROUTE-PHYSOPT-DCP" Name="circuit_postroute_physopt.dcp"/>
  <File Type="POSTROUTE-PHYSOPT-BLACKBOX-DCP" Name="circuit_postroute_physopt_bb.dcp"/>
  <File Type="ROUTE-METHODOLOGY-DRC-PB" Name="circuit_methodology_drc_routed.pb"/>
  <File Type="ROUTE-DRC-RPX" Name="circuit_drc_routed.rpx"/>
  <File Type="ROUTE-METHODOLOGY-DRC-RPX" Name="circuit_methodology_drc_routed.rpx"/>
  <File Type="PDI-FILE" Name="circuit.pdi"/>
  <File Type="RCFI_FILE" Name="circuit.rcfi"/>
  <File Type="CFI_FILE" Name="circuit.cfi"/>
  <File Type="RNPI_FILE" Name="circuit.rnpi"/>
  <File Type="NPI_FILE" Name="circuit.npi"/>
  <File Type="RBD_FILE" Name="circuit.rbd"/>
  <FileSet Name="sources" Type="DesignSrcs" RelSrcDir="$PSRCDIR/sources_1" RelGenDir="$PGENDIR/sources_1">
    <Filter Type="Srcs"/>
    <File Path="$PSRCDIR/sources_1/imports/new/control.vhd">
      <FileInfo>
        <Attr Name="ImportPath" Val="$PPRDIR/../../../../../../../../OneDrive/Desktop/Universidade/Mestrado/PSD/Laboratorios/Lab1/project_1/project_1.srcs/sources_1/new/control.vhd"/>
        <Attr Name="ImportTime" Val="1633779696"/>
        <Attr Name="UsedIn" Val="synthesis"/>
        <Attr Name="UsedIn" Val="simulation"/>
      </FileInfo>
    </File>
    <File Path="$PSRCDIR/sources_1/imports/new/datapath.vhd">
      <FileInfo>
        <Attr Name="ImportPath" Val="$PPRDIR/../../../../../../../../OneDrive/Desktop/Universidade/Mestrado/PSD/Laboratorios/Lab1/project_1/project_1.srcs/sources_1/new/datapath.vhd"/>
        <Attr Name="ImportTime" Val="1634292371"/>
        <Attr Name="UsedIn" Val="synthesis"/>
        <Attr Name="UsedIn" Val="simulation"/>
      </FileInfo>
    </File>
    <File Path="$PSRCDIR/sources_1/imports/new/circuit.vhd">
      <FileInfo>
        <Attr Name="ImportPath" Val="$PPRDIR/../../../../../../../../OneDrive/Desktop/Universidade/Mestrado/PSD/Laboratorios/Lab1/project_1/project_1.srcs/sources_1/new/circuit.vhd"/>
        <Attr Name="ImportTime" Val="1634293662"/>
        <Attr Name="UsedIn" Val="synthesis"/>
        <Attr Name="UsedIn" Val="simulation"/>
      </FileInfo>
    </File>
    <Config>
      <Option Name="DesignMode" Val="RTL"/>
      <Option Name="TopModule" Val="circuit"/>
      <Option Name="TopAutoSet" Val="TRUE"/>
    </Config>
  </FileSet>
  <FileSet Name="constrs_in" Type="Constrs" RelSrcDir="$PSRCDIR/constrs_1">
    <Filter Type="Constrs"/>
    <File Path="$PSRCDIR/constrs_1/imports/Lab0/Basys3_Master.xdc">
      <FileInfo>
        <Attr Name="ImportPath" Val="$PPRDIR/../../../../../../../../OneDrive/Desktop/Universidade/Mestrado/PSD/Laboratorios/Lab0/Basys3_Master.xdc"/>
        <Attr Name="ImportTime" Val="1547208682"/>
        <Attr Name="UsedIn" Val="synthesis"/>
        <Attr Name="UsedIn" Val="implementation"/>
      </FileInfo>
    </File>
    <Config>
      <Option Name="ConstrsType" Val="XDC"/>
    </Config>
  </FileSet>
  <FileSet Name="utils" Type="Utils" RelSrcDir="$PSRCDIR/utils_1">
    <Filter Type="Utils"/>
    <Config>
      <Option Name="TopAutoSet" Val="TRUE"/>
    </Config>
  </FileSet>
  <Strategy Version="1" Minor="2">
    <StratHandle Name="Vivado Implementation Defaults" Flow="Vivado Implementation 2021"/>
    <Step Id="init_design"/>
    <Step Id="opt_design"/>
    <Step Id="power_opt_design"/>
    <Step Id="place_design"/>
    <Step Id="post_place_power_opt_design"/>
    <Step Id="phys_opt_design"/>
    <Step Id="route_design"/>
    <Step Id="post_route_phys_opt_design"/>
    <Step Id="write_bitstream"/>
    <Step Id="write_device_image"/>
  </Strategy>
</GenRun>
